{
	"credit": "Made with Blockbench",
	"render_type": "cutout",
	"texture_size": [64, 64],
	"textures": {
		"7": "rebooting_world:block/sawmill",
		"particle": "rebooting_world:block/sawmill"
	},
	"elements": [
		{
			"from": [0, 0, 0],
			"to": [16, 6, 16],
			"faces": {
				"north": {"uv": [4, 5, 8, 6.5], "texture": "#7"},
				"east": {"uv": [4, 6.5, 8, 8], "texture": "#7"},
				"south": {"uv": [0, 8, 4, 9.5], "texture": "#7"},
				"west": {"uv": [8, 0, 12, 1.5], "texture": "#7"},
				"up": {"uv": [4, 4, 0, 0], "texture": "#7"},
				"down": {"uv": [4, 4, 0, 8], "texture": "#7"}
			}
		},
		{
			"from": [8, 6, 6.6],
			"to": [8, 16, 10.4],
			"faces": {
				"north": {"uv": [0, 0, 0, 2.5], "texture": "#7"},
				"east": {"uv": [5.5, 0, 6.75, 2.5], "texture": "#7"},
				"south": {"uv": [0, 0, 0, 2.5], "texture": "#7"},
				"west": {"uv": [5.25, 2.5, 6.525, 5], "texture": "#7"},
				"up": {"uv": [0, 4, 0, 0], "texture": "#7"},
				"down": {"uv": [0, 0, 0, 4], "texture": "#7"}
			}
		}
	],
	"display": {
		"thirdperson_righthand": {
			"translation": [0, 4, 1],
			"scale": [0.5, 0.5, 0.5]
		},
		"thirdperson_lefthand": {
			"translation": [0, 4, 1.25],
			"scale": [0.5, 0.5, 0.5]
		},
		"ground": {
			"scale": [0.25, 0.25, 0.25]
		},
		"gui": {
			"rotation": [35, 47, 0.28],
			"translation": [0, 1.75, 0],
			"scale": [0.7, 0.7, 0.7]
		},
		"fixed": {
			"rotation": [-180, 90, -180]
		}
	}
}